user,item,rating,rank
99355,D1,10,1
99355,D2,6,5
99355,D3,8,3
99355,D4,7,4
99355,D5,2,9
99355,D6,5,6
99355,D7,1,10
99355,D8,4,7
99355,D9,3,8
99355,D10,9,2
76869,D1,8,3
76869,D2,10,1
76869,D3,9,2
76869,D4,7,4
76869,D5,2,9
76869,D6,1,10
76869,D7,4,7
76869,D8,3,8
76869,D9,5,6
76869,D10,6,5
43978,D1,3,8
43978,D2,10,1
43978,D3,5,6
43978,D4,4,7
43978,D5,1,10
43978,D6,7,4
43978,D7,2,9
43978,D8,8,3
43978,D9,9,2
43978,D10,6,5
30600,D1,1,10
30600,D2,5,6
30600,D3,6,5
30600,D4,8,3
30600,D5,9,2
30600,D6,2,9
30600,D7,10,1
30600,D8,3,8
30600,D9,4,7
30600,D10,7,4
89066,D1,8,3
89066,D2,1,10
89066,D3,2,9
89066,D4,9,2
89066,D5,3,8
89066,D6,7,4
89066,D7,4,7
89066,D8,5,6
89066,D9,6,5
89066,D10,10,1
17384,D1,4,7
17384,D2,9,2
17384,D3,5,6
17384,D4,6,5
17384,D5,3,8
17384,D6,8,3
17384,D7,2,9
17384,D8,1,10
17384,D9,10,1
17384,D10,7,4
56579,D1,10,1
56579,D2,2,9
56579,D3,5,6
56579,D4,3,8
56579,D5,4,7
56579,D6,7,4
56579,D7,9,2
56579,D8,8,3
56579,D9,6,5
56579,D10,1,10
62404,D1,1,10
62404,D2,2,9
62404,D3,7,4
62404,D4,10,1
62404,D5,6,5
62404,D6,4,7
62404,D7,5,6
62404,D8,3,8
62404,D9,8,3
62404,D10,9,2
66485,D1,6,5
66485,D2,7,4
66485,D3,4,7
66485,D4,3,8
66485,D5,5,6
66485,D6,9,2
66485,D7,8,3
66485,D8,10,1
66485,D9,1,10
66485,D10,2,9
31561,D1,7,4
31561,D2,9,2
31561,D3,2,9
31561,D4,1,10
31561,D5,6,5
31561,D6,10,1
31561,D7,8,3
31561,D8,4,7
31561,D9,5,6
31561,D10,3,8
31976,D1,10,1
31976,D2,4,7
31976,D3,6,5
31976,D4,5,6
31976,D5,3,8
31976,D6,9,2
31976,D7,2,9
31976,D8,7,4
31976,D9,1,10
31976,D10,8,3
53265,D1,3,8
53265,D2,8,3
53265,D3,1,10
53265,D4,7,4
53265,D5,6,5
53265,D6,9,2
53265,D7,4,7
53265,D8,10,1
53265,D9,5,6
53265,D10,2,9
96341,D1,3,8
96341,D2,2,9
96341,D3,4,7
96341,D4,7,4
96341,D5,6,5
96341,D6,10,1
96341,D7,9,2
96341,D8,8,3
96341,D9,1,10
96341,D10,5,6
64074,D1,6,5
64074,D2,5,6
64074,D3,1,10
64074,D4,2,9
64074,D5,7,4
64074,D6,10,1
64074,D7,9,2
64074,D8,8,3
64074,D9,4,7
64074,D10,3,8
00752,D1,3,8
00752,D2,10,1
00752,D3,5,6
00752,D4,9,2
00752,D5,2,9
00752,D6,8,3
00752,D7,6,5
00752,D8,1,10
00752,D9,7,4
00752,D10,4,7
73779,D1,4,7
73779,D2,3,8
73779,D3,5,6
73779,D4,2,9
73779,D5,7,4
73779,D6,1,10
73779,D7,9,2
73779,D8,8,3
73779,D9,10,1
73779,D10,6,5
43778,D1,8,3
43778,D2,1,10
43778,D3,2,9
43778,D4,6,5
43778,D5,5,6
43778,D6,7,4
43778,D7,3,8
43778,D8,10,1
43778,D9,9,2
43778,D10,4,7
09371,D1,7,4
09371,D2,1,10
09371,D3,10,1
09371,D4,9,2
09371,D5,6,5
09371,D6,2,9
09371,D7,5,6
09371,D8,3,8
09371,D9,4,7
09371,D10,8,3
71238,D1,7,4
71238,D2,6,5
71238,D3,4,7
71238,D4,5,6
71238,D5,2,9
71238,D6,8,3
71238,D7,3,8
71238,D8,9,2
71238,D9,10,1
71238,D10,1,10
58708,D1,3,8
58708,D2,1,10
58708,D3,2,9
58708,D4,6,5
58708,D5,5,6
58708,D6,10,1
58708,D7,9,2
58708,D8,7,4
58708,D9,8,3
58708,D10,4,7
74772,D1,8,3
74772,D2,6,5
74772,D3,7,4
74772,D4,2,9
74772,D5,1,10
74772,D6,10,1
74772,D7,3,8
74772,D8,5,6
74772,D9,4,7
74772,D10,9,2
06990,D1,6,5
06990,D2,8,3
06990,D3,7,4
06990,D4,2,9
06990,D5,10,1
06990,D6,5,6
06990,D7,4,7
06990,D8,1,10
06990,D9,3,8
06990,D10,9,2
29112,D1,5,6
29112,D2,4,7
29112,D3,7,4
29112,D4,6,5
29112,D5,8,3
29112,D6,2,9
29112,D7,9,2
29112,D8,10,1
29112,D9,1,10
29112,D10,3,8
87821,D1,1,10
87821,D2,6,5
87821,D3,7,4
87821,D4,8,3
87821,D5,5,6
87821,D6,10,1
87821,D7,4,7
87821,D8,3,8
87821,D9,2,9
87821,D10,9,2
45831,D1,1,10
45831,D2,4,7
45831,D3,6,5
45831,D4,3,8
45831,D5,9,2
45831,D6,7,4
45831,D7,5,6
45831,D8,2,9
45831,D9,10,1
45831,D10,8,3
48507,D1,9,2
48507,D2,5,6
48507,D3,1,10
48507,D4,2,9
48507,D5,4,7
48507,D6,6,5
48507,D7,7,4
48507,D8,8,3
48507,D9,10,1
48507,D10,3,8
66062,D1,6,5
66062,D2,10,1
66062,D3,3,8
66062,D4,5,6
66062,D5,4,7
66062,D6,9,2
66062,D7,7,4
66062,D8,1,10
66062,D9,2,9
66062,D10,8,3
24623,D1,8,3
24623,D2,1,10
24623,D3,4,7
24623,D4,3,8
24623,D5,7,4
24623,D6,2,9
24623,D7,6,5
24623,D8,9,2
24623,D9,10,1
24623,D10,5,6
57710,D1,4,7
57710,D2,1,10
57710,D3,2,9
57710,D4,3,8
57710,D5,6,5
57710,D6,9,2
57710,D7,8,3
57710,D8,7,4
57710,D9,10,1
57710,D10,5,6
48826,D1,1,10
48826,D2,9,2
48826,D3,4,7
48826,D4,3,8
48826,D5,5,6
48826,D6,10,1
48826,D7,7,4
48826,D8,8,3
48826,D9,6,5
48826,D10,2,9
49924,D1,4,7
49924,D2,7,4
49924,D3,8,3
49924,D4,9,2
49924,D5,3,8
49924,D6,5,6
49924,D7,2,9
49924,D8,6,5
49924,D9,1,10
49924,D10,10,1
66179,D1,4,7
66179,D2,2,9
66179,D3,6,5
66179,D4,7,4
66179,D5,8,3
66179,D6,3,8
66179,D7,5,6
66179,D8,1,10
66179,D9,10,1
66179,D10,9,2
45608,D1,3,8
45608,D2,8,3
45608,D3,5,6
45608,D4,7,4
45608,D5,1,10
45608,D6,9,2
45608,D7,6,5
45608,D8,4,7
45608,D9,2,9
45608,D10,10,1
64219,D1,4,7
64219,D2,9,2
64219,D3,3,8
64219,D4,2,9
64219,D5,5,6
64219,D6,10,1
64219,D7,6,5
64219,D8,8,3
64219,D9,7,4
64219,D10,1,10
87750,D1,7,4
87750,D2,8,3
87750,D3,5,6
87750,D4,3,8
87750,D5,2,9
87750,D6,10,1
87750,D7,6,5
87750,D8,9,2
87750,D9,1,10
87750,D10,4,7
30719,D1,1,10
30719,D2,9,2
30719,D3,4,7
30719,D4,3,8
30719,D5,2,9
30719,D6,8,3
30719,D7,6,5
30719,D8,5,6
30719,D9,10,1
30719,D10,7,4
73790,D1,7,4
73790,D2,1,10
73790,D3,9,2
73790,D4,8,3
73790,D5,5,6
73790,D6,3,8
73790,D7,4,7
73790,D8,2,9
73790,D9,6,5
73790,D10,10,1
65793,D1,7,4
65793,D2,3,8
65793,D3,2,9
65793,D4,1,10
65793,D5,4,7
65793,D6,8,3
65793,D7,6,5
65793,D8,5,6
65793,D9,9,2
65793,D10,10,1
45113,D1,2,9
45113,D2,4,7
45113,D3,3,8
45113,D4,9,2
45113,D5,1,10
45113,D6,5,6
45113,D7,7,4
45113,D8,6,5
45113,D9,8,3
45113,D10,10,1
21293,D1,10,1
21293,D2,7,4
21293,D3,4,7
21293,D4,1,10
21293,D5,8,3
21293,D6,9,2
21293,D7,6,5
21293,D8,2,9
21293,D9,3,8
21293,D10,5,6
41962,D1,8,3
41962,D2,10,1
41962,D3,6,5
41962,D7,5,6
41962,D8,7,4
41962,D9,9,2
38222,D1,9,2
38222,D2,6,5
38222,D3,10,1
38222,D7,8,3
38222,D8,5,6
38222,D9,7,4
25813,D1,5,6
25813,D2,10,1
25813,D3,6,5
25813,D7,8,3
25813,D8,9,2
25813,D9,7,4
01829,D1,8,3
01829,D2,6,5
01829,D3,5,6
01829,D7,9,2
01829,D8,7,4
01829,D9,10,1
39105,D1,5,6
39105,D2,6,5
39105,D3,9,2
39105,D7,7,4
39105,D8,8,3
39105,D9,10,1
52966,D1,5,6
52966,D2,6,5
52966,D3,7,4
52966,D7,8,3
52966,D8,9,2
52966,D9,10,1
38459,D1,10,1
38459,D2,6,5
38459,D3,8,3
38459,D7,9,2
38459,D8,5,6
38459,D9,7,4
30182,D1,9,2
30182,D2,6,5
30182,D3,7,4
30182,D7,5,6
30182,D8,10,1
30182,D9,8,3
72828,D1,7,4
72828,D2,10,1
72828,D3,9,2
72828,D7,5,6
72828,D8,8,3
72828,D9,6,5
69532,D1,10,1
69532,D2,5,6
69532,D3,9,2
69532,D7,6,5
69532,D8,7,4
69532,D9,8,3
87946,D1,10,1
87946,D2,5,6
87946,D3,7,4
87946,D7,9,2
87946,D8,6,5
87946,D9,8,3
13715,D1,8,3
13715,D2,10,1
13715,D3,6,5
13715,D7,5,6
13715,D8,7,4
13715,D9,9,2
90580,D1,6,5
90580,D2,2,9
90580,D3,9,2
90580,D4,4,7
90580,D5,7,4
90580,D6,10,1
90580,D7,1,10
90580,D8,5,6
90580,D9,3,8
90580,D10,8,3
70463,D1,4,7
70463,D2,7,4
70463,D3,8,3
70463,D4,6,5
70463,D5,1,10
70463,D6,10,1
70463,D7,5,6
70463,D8,2,9
70463,D9,3,8
70463,D10,9,2
96863,D1,8,3
96863,D2,5,6
96863,D3,3,8
96863,D4,1,10
96863,D5,10,1
96863,D6,4,7
96863,D7,9,2
96863,D8,6,5
96863,D9,7,4
96863,D10,2,9
62217,D1,4,7
62217,D2,10,1
62217,D3,7,4
62217,D4,3,8
62217,D5,8,3
62217,D6,6,5
62217,D7,2,9
62217,D8,1,10
62217,D9,9,2
62217,D10,5,6
55827,D1,8,3
55827,D2,7,4
55827,D3,9,2
55827,D4,6,5
55827,D5,2,9
55827,D6,1,10
55827,D7,3,8
55827,D8,4,7
55827,D9,5,6
55827,D10,10,1
75873,D1,9,2
75873,D2,10,1
75873,D3,5,6
75873,D4,1,10
75873,D5,2,9
75873,D6,4,7
75873,D7,3,8
75873,D8,8,3
75873,D9,6,5
75873,D10,7,4
48358,D1,7,4
48358,D2,4,7
48358,D3,1,10
48358,D4,2,9
48358,D5,8,3
48358,D6,3,8
48358,D7,10,1
48358,D8,5,6
48358,D9,9,2
48358,D10,6,5
17883,D1,3,8
17883,D2,4,7
17883,D3,1,10
17883,D4,6,5
17883,D5,9,2
17883,D6,5,6
17883,D7,8,3
17883,D8,7,4
17883,D9,10,1
17883,D10,2,9
87155,D1,5,6
87155,D2,1,10
87155,D3,6,5
87155,D4,3,8
87155,D5,8,3
87155,D6,4,7
87155,D7,7,4
87155,D8,9,2
87155,D9,10,1
87155,D10,2,9
93874,D1,5,6
93874,D2,9,2
93874,D3,6,5
93874,D4,3,8
93874,D5,8,3
93874,D6,2,9
93874,D7,10,1
93874,D8,1,10
93874,D9,7,4
93874,D10,4,7
01285,D1,1,10
01285,D2,7,4
01285,D3,9,2
01285,D4,8,3
01285,D5,4,7
01285,D6,10,1
01285,D7,6,5
01285,D8,3,8
01285,D9,2,9
01285,D10,5,6
21158,D1,10,1
21158,D2,3,8
21158,D3,1,10
21158,D4,8,3
21158,D5,9,2
21158,D6,4,7
21158,D7,7,4
21158,D8,6,5
21158,D9,5,6
21158,D10,2,9
36152,D1,2,9
36152,D2,1,10
36152,D3,9,2
36152,D4,8,3
36152,D5,3,8
36152,D6,10,1
36152,D7,4,7
36152,D8,6,5
36152,D9,5,6
36152,D10,7,4
66104,D1,3,8
66104,D2,2,9
66104,D3,7,4
66104,D4,6,5
66104,D5,10,1
66104,D6,5,6
66104,D7,9,2
66104,D8,1,10
66104,D9,8,3
66104,D10,4,7
94345,D1,9,2
94345,D2,5,6
94345,D3,10,1
94345,D4,4,7
94345,D5,7,4
94345,D6,8,3
94345,D7,3,8
94345,D8,1,10
94345,D9,2,9
94345,D10,6,5
88835,D1,1,10
88835,D2,10,1
88835,D3,4,7
88835,D4,5,6
88835,D5,7,4
88835,D6,3,8
88835,D7,8,3
88835,D8,6,5
88835,D9,2,9
88835,D10,9,2
86851,D1,5,6
86851,D2,7,4
86851,D3,1,10
86851,D4,4,7
86851,D5,3,8
86851,D6,10,1
86851,D7,6,5
86851,D8,9,2
86851,D9,8,3
86851,D10,2,9
26974,D1,4,7
26974,D2,3,8
26974,D3,5,6
26974,D4,6,5
26974,D5,8,3
26974,D6,2,9
26974,D7,10,1
26974,D8,1,10
26974,D9,9,2
26974,D10,7,4
93540,D1,4,7
93540,D2,10,1
93540,D3,6,5
93540,D4,7,4
93540,D5,3,8
93540,D6,8,3
93540,D7,2,9
93540,D8,1,10
93540,D9,9,2
93540,D10,5,6
74152,D1,1,10
74152,D2,8,3
74152,D3,6,5
74152,D4,4,7
74152,D5,3,8
74152,D6,10,1
74152,D7,5,6
74152,D8,9,2
74152,D9,7,4
74152,D10,2,9
97525,D1,9,2
97525,D2,2,9
97525,D3,8,3
97525,D4,7,4
97525,D5,10,1
97525,D6,4,7
97525,D7,3,8
97525,D8,1,10
97525,D9,5,6
97525,D10,6,5
20998,D1,7,4
20998,D2,5,6
20998,D3,9,2
20998,D4,8,3
20998,D5,6,5
20998,D6,4,7
20998,D7,2,9
20998,D8,10,1
20998,D9,3,8
20998,D10,1,10
52805,D1,9,2
52805,D2,4,7
52805,D3,3,8
52805,D4,2,9
52805,D5,6,5
52805,D6,10,1
52805,D7,7,4
52805,D8,5,6
52805,D9,8,3
52805,D10,1,10
02210,D1,7,4
02210,D2,1,10
02210,D3,8,3
02210,D4,10,1
02210,D5,2,9
02210,D6,5,6
02210,D7,3,8
02210,D8,4,7
02210,D9,6,5
02210,D10,9,2
03475,D1,9,2
03475,D2,6,5
03475,D3,5,6
03475,D4,2,9
03475,D5,1,10
03475,D6,10,1
03475,D7,4,7
03475,D8,3,8
03475,D9,8,3
03475,D10,7,4
02916,D1,7,4
02916,D2,10,1
02916,D3,3,8
02916,D4,2,9
02916,D5,6,5
02916,D6,8,3
02916,D7,4,7
02916,D8,9,2
02916,D9,5,6
02916,D10,1,10
96572,D1,10,1
96572,D2,4,7
96572,D3,3,8
96572,D4,6,5
96572,D5,7,4
96572,D6,9,2
96572,D7,5,6
96572,D8,1,10
96572,D9,2,9
96572,D10,8,3
93696,D1,1,10
93696,D2,3,8
93696,D3,2,9
93696,D4,7,4
93696,D5,8,3
93696,D6,4,7
93696,D7,9,2
93696,D8,5,6
93696,D9,6,5
93696,D10,10,1
29599,D1,1,10
29599,D2,3,8
29599,D3,7,4
29599,D4,6,5
29599,D5,2,9
29599,D6,5,6
29599,D7,4,7
29599,D8,10,1
29599,D9,9,2
29599,D10,8,3
30796,D1,1,10
30796,D2,8,3
30796,D3,7,4
30796,D4,6,5
30796,D5,5,6
30796,D6,10,1
30796,D7,4,7
30796,D8,9,2
30796,D9,3,8
30796,D10,2,9
45600,D1,1,10
45600,D2,9,2
45600,D3,5,6
45600,D4,6,5
45600,D5,4,7
45600,D6,3,8
45600,D7,2,9
45600,D8,8,3
45600,D9,10,1
45600,D10,7,4
06361,D1,7,4
06361,D2,1,10
06361,D3,9,2
06361,D4,8,3
06361,D5,5,6
06361,D6,3,8
06361,D7,4,7
06361,D8,2,9
06361,D9,6,5
06361,D10,10,1
86626,D1,8,3
86626,D2,4,7
86626,D3,2,9
86626,D4,1,10
86626,D5,7,4
86626,D6,6,5
86626,D7,9,2
86626,D8,5,6
86626,D9,10,1
86626,D10,3,8
36636,D1,2,9
36636,D2,7,4
36636,D3,3,8
36636,D4,5,6
36636,D5,1,10
36636,D6,10,1
36636,D7,4,7
36636,D8,9,2
36636,D9,8,3
36636,D10,6,5
20301,D1,9,2
20301,D2,1,10
20301,D3,7,4
20301,D4,2,9
20301,D5,6,5
20301,D6,10,1
20301,D7,8,3
20301,D8,3,8
20301,D9,4,7
20301,D10,5,6
75901,D1,6,5
75901,D2,4,7
75901,D3,3,8
75901,D4,5,6
75901,D5,8,3
75901,D6,10,1
75901,D7,1,10
75901,D8,7,4
75901,D9,9,2
75901,D10,2,9
82766,D1,6,5
82766,D2,10,1
82766,D3,1,10
82766,D4,7,4
82766,D5,9,2
82766,D6,8,3
82766,D7,3,8
82766,D8,5,6
82766,D9,4,7
82766,D10,2,9
05924,D1,2,9
05924,D2,10,1
05924,D3,9,2
05924,D4,6,5
05924,D5,3,8
05924,D6,4,7
05924,D7,5,6
05924,D8,1,10
05924,D9,8,3
05924,D10,7,4
83623,D1,4,7
83623,D2,9,2
83623,D3,6,5
83623,D4,8,3
83623,D5,1,10
83623,D6,10,1
83623,D7,2,9
83623,D8,5,6
83623,D9,3,8
83623,D10,7,4
12351,D1,4,7
12351,D2,6,5
12351,D3,9,2
12351,D4,10,1
12351,D5,3,8
12351,D6,7,4
12351,D7,5,6
12351,D8,1,10
12351,D9,2,9
12351,D10,8,3
09795,D1,3,8
09795,D2,10,1
09795,D3,4,7
09795,D4,1,10
09795,D5,5,6
09795,D6,8,3
09795,D7,6,5
09795,D8,7,4
09795,D9,9,2
09795,D10,2,9
04824,D1,5,6
04824,D2,10,1
04824,D3,3,8
04824,D4,2,9
04824,D5,4,7
04824,D6,9,2
04824,D7,1,10
04824,D8,6,5
04824,D9,7,4
04824,D10,8,3
77543,D1,4,7
77543,D2,7,4
77543,D3,5,6
77543,D4,3,8
77543,D5,1,10
77543,D6,10,1
77543,D7,2,9
77543,D8,8,3
77543,D9,9,2
77543,D10,6,5
09252,D1,6,5
09252,D2,8,3
09252,D3,10,1
09252,D4,2,9
09252,D5,9,2
09252,D6,4,7
09252,D7,7,4
09252,D8,5,6
09252,D9,3,8
09252,D10,1,10
33134,D1,4,7
33134,D2,6,5
33134,D3,2,9
33134,D4,1,10
33134,D5,5,6
33134,D6,9,2
33134,D7,8,3
33134,D8,10,1
33134,D9,7,4
33134,D10,3,8
39025,D1,1,10
39025,D2,10,1
39025,D3,3,8
39025,D4,5,6
39025,D5,9,2
39025,D6,6,5
39025,D7,8,3
39025,D8,7,4
39025,D9,2,9
39025,D10,4,7
37786,D1,6,5
37786,D2,8,3
37786,D3,3,8
37786,D4,9,2
37786,D5,1,10
37786,D6,5,6
37786,D7,7,4
37786,D8,2,9
37786,D9,10,1
37786,D10,4,7
20926,D1,6,5
20926,D2,9,2
20926,D3,4,7
20926,D4,8,3
20926,D5,5,6
20926,D6,2,9
20926,D7,7,4
20926,D8,1,10
20926,D9,10,1
20926,D10,3,8
02276,D1,7,4
02276,D2,6,5
02276,D3,4,7
02276,D4,1,10
02276,D5,2,9
02276,D6,10,1
02276,D7,3,8
02276,D8,8,3
02276,D9,9,2
02276,D10,5,6
37757,D1,8,3
37757,D2,5,6
37757,D3,6,5
37757,D4,2,9
37757,D5,3,8
37757,D6,9,2
37757,D7,1,10
37757,D8,7,4
37757,D9,10,1
37757,D10,4,7
24977,D1,7,4
24977,D2,5,6
24977,D3,8,3
24977,D4,2,9
24977,D5,3,8
24977,D6,9,2
24977,D7,4,7
24977,D8,1,10
24977,D9,10,1
24977,D10,6,5
73950,D1,5,6
73950,D2,4,7
73950,D3,7,4
73950,D4,6,5
73950,D5,9,2
73950,D6,1,10
73950,D7,8,3
73950,D8,3,8
73950,D9,10,1
73950,D10,2,9
78484,D1,8,3
78484,D2,3,8
78484,D3,6,5
78484,D4,4,7
78484,D5,10,1
78484,D6,7,4
78484,D7,2,9
78484,D8,1,10
78484,D9,9,2
78484,D10,5,6
01386,D1,5,6
01386,D2,4,7
01386,D3,1,10
01386,D4,2,9
01386,D5,9,2
01386,D6,6,5
01386,D7,8,3
01386,D8,7,4
01386,D9,10,1
01386,D10,3,8
08103,D1,4,7
08103,D2,10,1
08103,D3,3,8
08103,D4,9,2
08103,D5,8,3
08103,D6,2,9
08103,D7,7,4
08103,D8,5,6
08103,D9,6,5
08103,D10,1,10
41643,D1,9,2
41643,D2,2,9
41643,D3,7,4
41643,D4,8,3
41643,D5,6,5
41643,D6,1,10
41643,D7,3,8
41643,D8,4,7
41643,D9,10,1
41643,D10,5,6
79649,D1,9,2
79649,D2,8,3
79649,D3,4,7
79649,D4,6,5
79649,D5,1,10
79649,D6,3,8
79649,D7,5,6
79649,D8,2,9
79649,D9,10,1
79649,D10,7,4
15056,D1,5,6
15056,D2,8,3
15056,D3,3,8
15056,D4,1,10
15056,D5,10,1
15056,D6,6,5
15056,D7,2,9
15056,D8,9,2
15056,D9,7,4
15056,D10,4,7
03806,D1,7,4
03806,D2,8,3
03806,D3,1,10
03806,D4,2,9
03806,D5,3,8
03806,D6,9,2
03806,D7,6,5
03806,D8,4,7
03806,D9,10,1
03806,D10,5,6
98758,D1,8,3
98758,D2,1,10
98758,D3,6,5
98758,D4,3,8
98758,D5,2,9
98758,D6,10,1
98758,D7,4,7
98758,D8,5,6
98758,D9,9,2
98758,D10,7,4
86963,D1,5,6
86963,D2,1,10
86963,D3,9,2
86963,D4,8,3
86963,D5,7,4
86963,D6,4,7
86963,D7,3,8
86963,D8,6,5
86963,D9,10,1
86963,D10,2,9
39470,D1,2,9
39470,D2,8,3
39470,D3,5,6
39470,D4,4,7
39470,D5,3,8
39470,D6,10,1
39470,D7,9,2
39470,D8,1,10
39470,D9,7,4
39470,D10,6,5
60134,D1,7,4
60134,D2,4,7
60134,D3,1,10
60134,D4,2,9
60134,D5,10,1
60134,D6,6,5
60134,D7,9,2
60134,D8,5,6
60134,D9,8,3
60134,D10,3,8
80665,D1,1,10
80665,D2,7,4
80665,D3,5,6
80665,D4,4,7
80665,D5,2,9
80665,D6,8,3
80665,D7,6,5
80665,D8,10,1
80665,D9,9,2
80665,D10,3,8
49508,D1,6,5
49508,D2,9,2
49508,D3,2,9
49508,D4,5,6
49508,D5,3,8
49508,D6,8,3
49508,D7,4,7
49508,D8,10,1
49508,D9,7,4
49508,D10,1,10
01041,D1,4,7
01041,D2,3,8
01041,D3,5,6
01041,D4,7,4
01041,D5,2,9
01041,D6,9,2
01041,D7,1,10
01041,D8,6,5
01041,D9,10,1
01041,D10,8,3
72204,D1,5,6
72204,D2,1,10
72204,D3,10,1
72204,D4,7,4
72204,D5,6,5
72204,D6,4,7
72204,D7,9,2
72204,D8,2,9
72204,D9,3,8
72204,D10,8,3
42864,D1,8,3
42864,D2,3,8
42864,D3,7,4
42864,D4,4,7
42864,D5,9,2
42864,D6,2,9
42864,D7,10,1
42864,D8,5,6
42864,D9,1,10
42864,D10,6,5
37637,D1,7,4
37637,D2,6,5
37637,D3,1,10
37637,D4,2,9
37637,D5,8,3
37637,D6,5,6
37637,D7,10,1
37637,D8,4,7
37637,D9,9,2
37637,D10,3,8
62667,D1,2,9
62667,D2,9,2
62667,D3,1,10
62667,D4,5,6
62667,D5,3,8
62667,D6,8,3
62667,D7,10,1
62667,D8,7,4
62667,D9,6,5
62667,D10,4,7
30116,D1,9,2
30116,D2,1,10
30116,D3,3,8
30116,D4,2,9
30116,D5,6,5
30116,D6,5,6
30116,D7,7,4
30116,D8,8,3
30116,D9,10,1
30116,D10,4,7
76454,D1,3,8
76454,D2,5,6
76454,D3,6,5
76454,D4,1,10
76454,D5,4,7
76454,D6,10,1
76454,D7,8,3
76454,D8,9,2
76454,D9,7,4
76454,D10,2,9
73914,D1,10,1
73914,D2,9,2
73914,D3,3,8
73914,D4,4,7
73914,D5,6,5
73914,D6,1,10
73914,D7,7,4
73914,D8,2,9
73914,D9,8,3
73914,D10,5,6
19307,D1,7,4
19307,D2,2,9
19307,D3,4,7
19307,D4,3,8
19307,D5,6,5
19307,D6,1,10
19307,D7,10,1
19307,D8,8,3
19307,D9,9,2
19307,D10,5,6
76188,D1,7,4
76188,D2,2,9
76188,D3,1,10
76188,D4,3,8
76188,D5,4,7
76188,D6,5,6
76188,D7,6,5
76188,D8,8,3
76188,D9,10,1
76188,D10,9,2
87557,D1,5,6
87557,D2,3,8
87557,D3,4,7
87557,D4,1,10
87557,D5,7,4
87557,D6,8,3
87557,D7,6,5
87557,D8,9,2
87557,D9,10,1
87557,D10,2,9
95560,D1,3,8
95560,D2,8,3
95560,D3,6,5
95560,D4,1,10
95560,D5,5,6
95560,D6,4,7
95560,D7,7,4
95560,D8,9,2
95560,D9,10,1
95560,D10,2,9
51243,D1,2,9
51243,D2,3,8
51243,D3,4,7
51243,D4,1,10
51243,D5,6,5
51243,D6,10,1
51243,D7,8,3
51243,D8,7,4
51243,D9,9,2
51243,D10,5,6
98808,D1,7,4
98808,D2,10,1
98808,D3,1,10
98808,D4,6,5
98808,D5,8,3
98808,D6,3,8
98808,D7,5,6
98808,D8,2,9
98808,D9,9,2
98808,D10,4,7
88515,D1,5,6
88515,D2,7,4
88515,D3,6,5
88515,D4,2,9
88515,D5,3,8
88515,D6,9,2
88515,D7,4,7
88515,D8,8,3
88515,D9,10,1
88515,D10,1,10
00988,D1,5,6
00988,D2,7,4
00988,D3,1,10
00988,D4,2,9
00988,D5,10,1
00988,D6,4,7
00988,D7,8,3
00988,D8,3,8
00988,D9,9,2
00988,D10,6,5
37765,D1,3,8
37765,D2,1,10
37765,D3,4,7
37765,D4,8,3
37765,D5,9,2
37765,D6,5,6
37765,D7,2,9
37765,D8,6,5
37765,D9,7,4
37765,D10,10,1
70508,D1,1,10
70508,D2,3,8
70508,D3,7,4
70508,D4,6,5
70508,D5,5,6
70508,D6,4,7
70508,D7,8,3
70508,D8,2,9
70508,D9,10,1
70508,D10,9,2
77309,D1,2,9
77309,D2,7,4
77309,D3,8,3
77309,D4,3,8
77309,D5,4,7
77309,D6,9,2
77309,D7,5,6
77309,D8,1,10
77309,D9,10,1
77309,D10,6,5
35647,D1,7,4
35647,D2,6,5
35647,D3,4,7
35647,D4,3,8
35647,D5,2,9
35647,D6,9,2
35647,D7,5,6
35647,D8,1,10
35647,D9,10,1
35647,D10,8,3
57893,D1,4,7
57893,D2,3,8
57893,D3,7,4
57893,D4,6,5
57893,D5,1,10
57893,D6,10,1
57893,D7,2,9
57893,D8,8,3
57893,D9,9,2
57893,D10,5,6
42052,D1,10,1
42052,D2,4,7
42052,D3,7,4
42052,D4,8,3
42052,D5,6,5
42052,D6,5,6
42052,D7,3,8
42052,D8,1,10
42052,D9,2,9
42052,D10,9,2
90116,D1,2,9
90116,D2,6,5
90116,D3,9,2
90116,D4,8,3
90116,D5,3,8
90116,D6,7,4
90116,D7,1,10
90116,D8,4,7
90116,D9,5,6
90116,D10,10,1
62362,D1,10,1
62362,D2,8,3
62362,D3,9,2
62362,D4,5,6
62362,D5,1,10
62362,D6,6,5
62362,D7,2,9
62362,D8,4,7
62362,D9,3,8
62362,D10,7,4
94312,D1,1,10
94312,D2,6,5
94312,D3,9,2
94312,D4,8,3
94312,D5,4,7
94312,D6,7,4
94312,D7,3,8
94312,D8,5,6
94312,D9,2,9
94312,D10,10,1
19294,D1,9,2
19294,D2,1,10
19294,D3,10,1
19294,D4,2,9
19294,D5,3,8
19294,D6,4,7
19294,D7,5,6
19294,D8,6,5
19294,D9,7,4
19294,D10,8,3
82965,D1,7,4
82965,D2,6,5
82965,D3,10,1
82965,D4,9,2
82965,D5,5,6
82965,D6,2,9
82965,D7,4,7
82965,D8,1,10
82965,D9,3,8
82965,D10,8,3
65359,D1,3,8
65359,D2,9,2
65359,D3,8,3
65359,D4,4,7
65359,D5,2,9
65359,D6,10,1
65359,D7,1,10
65359,D8,5,6
65359,D9,7,4
65359,D10,6,5
07928,D1,7,4
07928,D2,8,3
07928,D3,10,1
07928,D4,6,5
07928,D5,3,8
07928,D6,5,6
07928,D7,1,10
07928,D8,2,9
07928,D9,4,7
07928,D10,9,2
89396,D1,2,9
89396,D2,3,8
89396,D3,8,3
89396,D4,9,2
89396,D5,1,10
89396,D6,7,4
89396,D7,6,5
89396,D8,5,6
89396,D9,4,7
89396,D10,10,1
14352,D1,7,4
14352,D2,6,5
14352,D3,8,3
14352,D4,9,2
14352,D5,3,8
14352,D6,4,7
14352,D7,2,9
14352,D8,1,10
14352,D9,5,6
14352,D10,10,1
57410,D1,4,7
57410,D2,1,10
57410,D3,3,8
57410,D4,7,4
57410,D5,9,2
57410,D6,2,9
57410,D7,8,3
57410,D8,6,5
57410,D9,10,1
57410,D10,5,6
98071,D1,2,9
98071,D2,5,6
98071,D3,4,7
98071,D4,9,2
98071,D5,8,3
98071,D6,7,4
98071,D7,6,5
98071,D8,1,10
98071,D9,3,8
98071,D10,10,1
57918,D1,7,4
57918,D2,2,9
57918,D3,3,8
57918,D4,4,7
57918,D5,5,6
57918,D6,6,5
57918,D7,8,3
57918,D8,1,10
57918,D9,9,2
57918,D10,10,1
92563,D1,9,2
92563,D2,7,4
92563,D3,8,3
92563,D4,5,6
92563,D5,3,8
92563,D6,6,5
92563,D7,2,9
92563,D8,4,7
92563,D9,1,10
92563,D10,10,1
98977,D1,2,9
98977,D2,7,4
98977,D3,8,3
98977,D4,9,2
98977,D5,6,5
98977,D6,3,8
98977,D7,4,7
98977,D8,1,10
98977,D9,5,6
98977,D10,10,1
87327,D1,3,8
87327,D2,5,6
87327,D3,9,2
87327,D4,6,5
87327,D5,1,10
87327,D6,8,3
87327,D7,7,4
87327,D8,4,7
87327,D9,2,9
87327,D10,10,1
95723,D1,9,2
95723,D2,1,10
95723,D3,3,8
95723,D4,5,6
95723,D5,7,4
95723,D6,2,9
95723,D7,6,5
95723,D8,4,7
95723,D9,10,1
95723,D10,8,3
45552,D1,1,10
45552,D2,4,7
45552,D3,5,6
45552,D4,7,4
45552,D5,9,2
45552,D6,3,8
45552,D7,10,1
45552,D8,2,9
45552,D9,6,5
45552,D10,8,3
56774,D1,5,6
56774,D2,7,4
56774,D3,4,7
56774,D4,3,8
56774,D5,8,3
56774,D6,1,10
56774,D7,9,2
56774,D8,2,9
56774,D9,6,5
56774,D10,10,1
75071,D1,1,10
75071,D2,7,4
75071,D3,6,5
75071,D4,3,8
75071,D5,9,2
75071,D6,4,7
75071,D7,8,3
75071,D8,10,1
75071,D9,5,6
75071,D10,2,9
46253,D1,10,1
46253,D2,1,10
46253,D3,3,8
46253,D4,7,4
46253,D5,5,6
46253,D6,4,7
46253,D7,9,2
46253,D8,2,9
46253,D9,6,5
46253,D10,8,3
19860,D1,5,6
19860,D2,3,8
19860,D3,2,9
19860,D4,7,4
19860,D5,1,10
19860,D6,8,3
19860,D7,9,2
19860,D8,4,7
19860,D9,10,1
19860,D10,6,5
64313,D1,10,1
64313,D2,5,6
64313,D3,3,8
64313,D4,8,3
64313,D5,7,4
64313,D6,2,9
64313,D7,4,7
64313,D8,1,10
64313,D9,6,5
64313,D10,9,2
74467,D1,10,1
74467,D2,5,6
74467,D3,9,2
74467,D4,6,5
74467,D5,7,4
74467,D6,3,8
74467,D7,2,9
74467,D8,4,7
74467,D9,8,3
74467,D10,1,10
41278,D1,6,5
41278,D2,1,10
41278,D3,2,9
41278,D4,3,8
41278,D5,9,2
41278,D6,5,6
41278,D7,10,1
41278,D8,7,4
41278,D9,8,3
41278,D10,4,7
24253,D1,7,4
24253,D2,5,6
24253,D3,4,7
24253,D4,2,9
24253,D5,8,3
24253,D6,3,8
24253,D7,6,5
24253,D8,9,2
24253,D9,10,1
24253,D10,1,10
98557,D1,9,2
98557,D2,5,6
98557,D3,3,8
98557,D4,1,10
98557,D5,6,5
98557,D6,8,3
98557,D7,7,4
98557,D8,4,7
98557,D9,10,1
98557,D10,2,9
87082,D1,4,7
87082,D2,8,3
87082,D3,5,6
87082,D4,2,9
87082,D5,3,8
87082,D6,10,1
87082,D7,7,4
87082,D8,9,2
87082,D9,1,10
87082,D10,6,5
23310,D1,10,1
23310,D2,2,9
23310,D3,3,8
23310,D4,6,5
23310,D5,8,3
23310,D6,7,4
23310,D7,9,2
23310,D8,5,6
23310,D9,4,7
23310,D10,1,10
48900,D1,7,4
48900,D2,3,8
48900,D3,9,2
48900,D4,10,1
48900,D5,6,5
48900,D6,2,9
48900,D7,4,7
48900,D8,1,10
48900,D9,5,6
48900,D10,8,3
99070,D1,7,4
99070,D2,9,2
99070,D3,4,7
99070,D4,3,8
99070,D5,1,10
99070,D6,10,1
99070,D7,2,9
99070,D8,8,3
99070,D9,6,5
99070,D10,5,6
96048,D1,1,10
96048,D2,2,9
96048,D3,7,4
96048,D4,4,7
96048,D5,5,6
96048,D6,10,1
96048,D7,9,2
96048,D8,6,5
96048,D9,8,3
96048,D10,3,8
61814,D1,4,7
61814,D2,3,8
61814,D3,9,2
61814,D4,8,3
61814,D5,2,9
61814,D6,10,1
61814,D7,1,10
61814,D8,5,6
61814,D9,6,5
61814,D10,7,4
03509,D1,10,1
03509,D2,2,9
03509,D3,6,5
03509,D4,3,8
03509,D5,9,2
03509,D6,7,4
03509,D7,8,3
03509,D8,1,10
03509,D9,5,6
03509,D10,4,7
36797,D1,6,5
36797,D2,2,9
36797,D3,9,2
36797,D4,10,1
36797,D5,5,6
36797,D6,3,8
36797,D7,4,7
36797,D8,1,10
36797,D9,8,3
36797,D10,7,4
09285,D5,5,6
09285,D7,5,6
09285,D2,5,6
09285,D9,3,8
09285,D3,6,5
09285,D1,5,6
09285,D4,7,4
09285,D10,6,5
09285,D6,6,5
09285,D8,4,7
99553,D5,7,4
99553,D7,6,5
99553,D2,7,4
99553,D9,5,6
99553,D3,7,4
99553,D1,8,3
99553,D4,7,4
99553,D10,10,1
99553,D6,9,2
99553,D8,8,3
00767,D5,10,1
00767,D7,10,1
00767,D2,7,4
00767,D9,1,10
00767,D3,4,7
00767,D1,9,2
00767,D4,6,5
00767,D10,5,6
00767,D6,8,3
00767,D8,5,6
82671,D5,1,10
82671,D7,7,4
82671,D2,4,7
82671,D9,1,10
82671,D3,6,5
82671,D1,5,6
82671,D4,7,4
82671,D10,1,10
82671,D6,7,4
82671,D8,8,3
06330,D5,9,2
06330,D7,8,3
06330,D2,7,4
06330,D9,5,6
06330,D3,6,5
06330,D1,7,4
06330,D4,9,2
06330,D10,10,1
06330,D6,8,3
06330,D8,7,4
69382,D5,3,8
69382,D7,5,6
69382,D2,10,1
69382,D9,3,8
69382,D3,8,3
69382,D1,7,4
69382,D4,7,4
69382,D10,2,9
69382,D6,5,6
69382,D8,4,7
84583,D5,6,5
84583,D7,4,7
84583,D2,5,6
84583,D9,1,10
84583,D3,1,10
84583,D1,2,9
84583,D4,1,10
84583,D10,10,1
84583,D6,6,5
84583,D8,4,7
61680,D5,5,6
61680,D7,3,8
61680,D2,7,4
61680,D9,5,6
61680,D3,8,3
61680,D1,4,7
61680,D4,8,3
61680,D10,6,5
61680,D6,4,7
61680,D8,7,4
32306,D5,9,2
32306,D7,1,10
32306,D2,2,9
32306,D9,3,8
32306,D3,3,8
32306,D1,3,8
32306,D4,5,6
32306,D10,7,4
32306,D6,4,7
32306,D8,3,8
61557,D5,8,3
61557,D7,6,5
61557,D2,3,8
61557,D9,3,8
61557,D3,5,6
61557,D1,9,2
61557,D4,7,4
61557,D10,9,2
61557,D6,9,2
61557,D8,8,3
06146,D5,8,3
06146,D7,1,10
06146,D2,1,10
06146,D9,1,10
06146,D3,8,3
06146,D1,5,6
06146,D4,8,3
06146,D10,5,6
06146,D6,5,6
06146,D8,8,3
78630,D5,4,7
78630,D7,8,3
78630,D2,8,3
78630,D9,4,7
78630,D3,6,5
78630,D1,2,9
78630,D4,5,6
78630,D10,7,4
78630,D6,4,7
78630,D8,5,6
90890,D5,7,4
90890,D7,8,3
90890,D2,4,7
90890,D9,3,8
90890,D3,7,4
90890,D1,3,8
90890,D4,4,7
90890,D10,8,3
90890,D6,7,4
90890,D8,8,3
30603,D5,9,2
30603,D7,7,4
30603,D2,3,8
30603,D9,1,10
30603,D3,7,4
30603,D1,8,3
30603,D4,2,9
30603,D10,9,2
30603,D6,8,3
30603,D8,9,2
21552,D5,10,1
21552,D7,10,1
21552,D2,8,3
21552,D9,1,10
21552,D3,9,2
21552,D1,7,4
21552,D4,2,9
21552,D10,9,2
21552,D6,9,2
21552,D8,6,5
14543,D5,8,3
14543,D7,2,9
14543,D2,9,2
14543,D9,1,10
14543,D3,3,8
14543,D1,5,6
14543,D4,9,2
14543,D10,10,1
14543,D6,9,2
14543,D8,4,7
46298,D5,1,10
46298,D7,1,10
46298,D2,9,2
46298,D9,6,5
46298,D3,8,3
46298,D1,2,9
46298,D4,2,9
46298,D10,10,1
46298,D6,2,9
46298,D8,2,9
42813,D5,7,4
42813,D7,5,6
42813,D2,3,8
42813,D9,3,8
42813,D3,8,3
42813,D1,10,1
42813,D4,10,1
42813,D10,10,1
42813,D6,10,1
42813,D8,5,6
80804,D5,7,4
80804,D7,3,8
80804,D2,3,8
80804,D9,3,8
80804,D3,7,4
80804,D1,4,7
80804,D4,4,7
80804,D10,5,6
80804,D6,2,9
80804,D8,4,7
40138,D5,10,1
40138,D7,1,10
40138,D2,2,9
40138,D9,7,4
40138,D3,7,4
40138,D1,1,10
40138,D4,9,2
40138,D10,7,4
40138,D6,7,4
40138,D8,7,4
77315,D5,10,1
77315,D7,8,3
77315,D2,6,5
77315,D9,10,1
77315,D3,5,6
77315,D1,6,5
77315,D4,4,7
77315,D10,8,3
77315,D6,7,4
77315,D8,8,3
25697,D5,8,3
25697,D7,9,2
25697,D2,9,2
25697,D9,2,9
25697,D3,7,4
25697,D1,8,3
25697,D4,9,2
25697,D10,6,5
25697,D6,4,7
25697,D8,3,8
58627,D5,5,6
58627,D7,4,7
58627,D2,3,8
58627,D9,5,6
58627,D3,8,3
58627,D1,7,4
58627,D4,6,5
58627,D10,9,2
58627,D6,5,6
58627,D8,5,6
03157,D5,5,6
03157,D7,1,10
03157,D2,2,9
03157,D9,4,7
03157,D3,6,5
03157,D1,7,4
03157,D4,8,3
03157,D10,9,2
03157,D6,10,1
03157,D8,3,8
21560,D5,10,1
21560,D7,9,2
21560,D2,9,2
21560,D9,9,2
21560,D3,9,2
21560,D1,10,1
21560,D4,9,2
21560,D10,9,2
21560,D6,10,1
21560,D8,9,2
42251,D5,9,2
42251,D7,5,6
42251,D2,2,9
42251,D9,1,10
42251,D3,5,6
42251,D1,2,9
42251,D4,1,10
42251,D10,8,3
42251,D6,6,5
42251,D8,7,4
30430,D5,8,3
30430,D7,10,1
30430,D2,9,2
30430,D9,2,9
30430,D3,6,5
30430,D1,8,3
30430,D4,3,8
30430,D10,8,3
30430,D6,10,1
30430,D8,10,1
54867,D5,6,5
54867,D7,1,10
54867,D2,9,2
54867,D9,1,10
54867,D3,5,6
54867,D1,4,7
54867,D4,6,5
54867,D10,6,5
54867,D6,6,5
54867,D8,1,10
88646,D5,5,6
88646,D7,8,3
88646,D2,6,5
88646,D9,2,9
88646,D3,7,4
88646,D1,5,6
88646,D4,5,6
88646,D10,8,3
88646,D6,8,3
88646,D8,7,4
97548,D5,5,6
97548,D7,8,3
97548,D2,9,2
97548,D9,2,9
97548,D3,7,4
97548,D1,6,5
97548,D4,7,4
97548,D10,5,6
97548,D6,8,3
97548,D8,5,6
05254,D5,5,6
05254,D7,8,3
05254,D2,8,3
05254,D9,1,10
05254,D3,7,4
05254,D1,5,6
05254,D4,7,4
05254,D10,7,4
05254,D6,6,5
05254,D8,8,3
15889,D5,3,8
15889,D7,5,6
15889,D2,7,4
15889,D9,4,7
15889,D3,8,3
15889,D1,10,1
15889,D4,3,8
15889,D10,10,1
15889,D6,10,1
15889,D8,8,3
71834,D5,9,2
71834,D7,6,5
71834,D2,8,3
71834,D9,8,3
71834,D3,9,2
71834,D1,4,7
71834,D4,5,6
71834,D10,4,7
71834,D6,7,4
71834,D8,7,4
61128,D5,10,1
61128,D7,2,9
61128,D2,4,7
61128,D9,1,10
61128,D3,2,9
61128,D1,2,9
61128,D4,2,9
61128,D10,7,4
61128,D6,3,8
61128,D8,2,9
60056,D5,10,1
60056,D7,8,3
60056,D2,10,1
60056,D9,3,8
60056,D3,3,8
60056,D1,5,6
60056,D4,3,8
60056,D10,5,6
60056,D6,5,6
60056,D8,7,4
93826,D5,9,2
93826,D7,7,4
93826,D2,9,2
93826,D9,8,3
93826,D3,8,3
93826,D1,8,3
93826,D4,7,4
93826,D10,9,2
93826,D6,6,5
93826,D8,8,3
41775,D5,6,5
41775,D7,7,4
41775,D2,3,8
41775,D9,2,9
41775,D3,4,7
41775,D1,4,7
41775,D4,8,3
41775,D10,10,1
41775,D6,9,2
41775,D8,6,5
55086,D5,10,1
55086,D7,8,3
55086,D2,5,6
55086,D9,1,10
55086,D3,1,10
55086,D1,2,9
55086,D4,3,8
55086,D10,10,1
55086,D6,8,3
55086,D8,5,6
07665,D5,9,2
07665,D7,2,9
07665,D2,6,5
07665,D9,5,6
07665,D3,6,5
07665,D1,6,5
07665,D4,2,9
07665,D10,8,3
07665,D6,4,7
07665,D8,3,8
43520,D5,9,2
43520,D7,10,1
43520,D2,9,2
43520,D9,8,3
43520,D3,9,2
43520,D1,8,3
43520,D4,9,2
43520,D10,9,2
43520,D6,10,1
43520,D8,10,1
70399,D5,2,9
70399,D7,3,8
70399,D2,4,7
70399,D9,2,9
70399,D3,3,8
70399,D1,2,9
70399,D4,2,9
70399,D10,4,7
70399,D6,6,5
70399,D8,2,9
31414,D5,10,1
31414,D7,10,1
31414,D2,10,1
31414,D9,5,6
31414,D3,10,1
31414,D1,5,6
31414,D4,9,2
31414,D10,10,1
31414,D6,10,1
31414,D8,4,7
91197,D5,6,5
91197,D7,4,7
91197,D2,4,7
91197,D9,2,9
91197,D3,2,9
91197,D1,4,7
91197,D4,6,5
91197,D10,10,1
91197,D6,7,4
91197,D8,3,8
25433,D5,10,1
25433,D7,7,4
25433,D2,5,6
25433,D9,6,5
25433,D3,7,4
25433,D1,7,4
25433,D4,8,3
25433,D10,10,1
25433,D6,9,2
25433,D8,9,2
91000,D5,7,4
91000,D7,4,7
91000,D2,5,6
91000,D9,7,4
91000,D3,7,4
91000,D1,7,4
91000,D4,6,5
91000,D10,7,4
91000,D6,6,5
91000,D8,6,5
10401,D5,10,1
10401,D7,8,3
10401,D2,9,2
10401,D9,7,4
10401,D3,8,3
10401,D1,7,4
10401,D4,9,2
10401,D10,8,3
10401,D6,8,3
10401,D8,8,3
35512,D5,6,5
35512,D7,6,5
35512,D2,6,5
35512,D9,4,7
35512,D3,4,7
35512,D1,6,5
35512,D4,8,3
35512,D10,10,1
35512,D6,10,1
35512,D8,8,3
54550,D5,4,7
54550,D7,6,5
54550,D2,8,3
54550,D9,1,10
54550,D3,9,2
54550,D1,9,2
54550,D4,2,9
54550,D10,10,1
54550,D6,9,2
54550,D8,8,3
19494,D5,2,9
19494,D7,6,5
19494,D2,1,10
19494,D9,3,8
19494,D3,4,7
19494,D1,8,3
19494,D4,8,3
19494,D10,9,2
19494,D6,5,6
19494,D8,4,7
26852,D5,1,10
26852,D7,3,8
26852,D2,2,9
26852,D9,7,4
26852,D3,5,6
26852,D1,6,5
26852,D4,8,3
26852,D10,10,1
26852,D6,9,2
26852,D8,4,7
86907,D5,10,1
86907,D7,5,6
86907,D2,9,2
86907,D9,8,3
86907,D3,9,2
86907,D1,9,2
86907,D4,9,2
86907,D10,9,2
86907,D6,9,2
86907,D8,9,2
78774,D5,7,4
78774,D7,7,4
78774,D2,10,1
78774,D9,4,7
78774,D3,7,4
78774,D1,9,2
78774,D4,8,3
78774,D10,8,3
78774,D6,8,3
78774,D8,8,3
30865,D5,9,2
30865,D7,7,4
30865,D2,10,1
30865,D9,5,6
30865,D3,8,3
30865,D1,10,1
30865,D4,9,2
30865,D10,8,3
30865,D6,9,2
30865,D8,8,3
49224,D5,10,1
49224,D7,2,9
49224,D2,1,10
49224,D9,5,6
49224,D3,3,8
49224,D1,4,7
49224,D4,9,2
49224,D10,6,5
49224,D6,7,4
49224,D8,8,3
20693,D5,7,4
20693,D7,6,5
20693,D2,8,3
20693,D9,10,1
20693,D3,10,1
20693,D1,7,4
20693,D4,9,2
20693,D10,10,1
20693,D6,8,3
20693,D8,9,2
37072,D5,3,8
37072,D7,10,1
37072,D2,10,1
37072,D9,1,10
37072,D3,7,4
37072,D1,7,4
37072,D4,1,10
37072,D10,7,4
37072,D6,10,1
37072,D8,5,6
59469,D5,9,2
59469,D7,6,5
59469,D2,5,6
59469,D9,6,5
59469,D3,8,3
59469,D1,9,2
59469,D4,9,2
59469,D10,9,2
59469,D6,9,2
59469,D8,10,1
28007,D5,8,3
28007,D7,8,3
28007,D2,6,5
28007,D9,5,6
28007,D3,6,5
28007,D1,6,5
28007,D4,5,6
28007,D10,10,1
28007,D6,9,2
28007,D8,8,3
60872,D5,10,1
60872,D7,8,3
60872,D2,7,4
60872,D9,9,2
60872,D3,8,3
60872,D1,6,5
60872,D4,5,6
60872,D10,5,6
60872,D6,5,6
60872,D8,6,5
40465,D5,7,4
40465,D7,5,6
40465,D2,1,10
40465,D9,5,6
40465,D3,5,6
40465,D1,4,7
40465,D4,4,7
40465,D10,4,7
40465,D6,8,3
40465,D8,8,3
21599,D5,5,6
21599,D7,5,6
21599,D2,5,6
21599,D9,5,6
21599,D3,5,6
21599,D1,5,6
21599,D4,5,6
21599,D10,5,6
21599,D6,5,6
21599,D8,5,6
48372,D5,9,2
48372,D7,6,5
48372,D2,8,3
48372,D9,9,2
48372,D3,6,5
48372,D1,9,2
48372,D4,7,4
48372,D10,7,4
48372,D6,9,2
48372,D8,9,2
01194,D5,3,8
01194,D7,7,4
01194,D2,7,4
01194,D9,10,1
01194,D3,6,5
01194,D1,1,10
01194,D4,10,1
01194,D10,1,10
01194,D6,9,2
01194,D8,9,2
41970,D5,8,3
41970,D7,5,6
41970,D2,10,1
41970,D9,10,1
41970,D3,10,1
41970,D1,6,5
41970,D4,3,8
41970,D10,3,8
41970,D6,9,2
41970,D8,9,2
75358,D5,10,1
75358,D7,6,5
75358,D2,7,4
75358,D9,5,6
75358,D3,4,7
75358,D1,10,1
75358,D4,6,5
75358,D10,6,5
75358,D6,9,2
75358,D8,3,8
99004,D5,7,4
99004,D7,3,8
99004,D2,6,5
99004,D9,8,3
99004,D3,8,3
99004,D1,8,3
99004,D4,5,6
99004,D10,8,3
99004,D6,9,2
99004,D8,9,2
65037,D5,6,5
65037,D7,3,8
65037,D2,5,6
65037,D9,6,5
65037,D3,3,8
65037,D1,4,7
65037,D4,4,7
65037,D10,5,6
65037,D6,4,7
65037,D8,7,4
51622,D5,4,7
51622,D7,3,8
51622,D2,6,5
51622,D9,4,7
51622,D3,6,5
51622,D1,7,4
51622,D4,3,8
51622,D10,4,7
51622,D6,6,5
51622,D8,4,7
07632,D5,6,5
07632,D7,8,3
07632,D2,10,1
07632,D9,5,6
07632,D3,6,5
07632,D1,6,5
07632,D4,8,3
07632,D10,8,3
07632,D6,9,2
07632,D8,8,3
61142,D5,10,1
61142,D7,8,3
61142,D2,10,1
61142,D9,8,3
61142,D3,7,4
61142,D1,6,5
61142,D4,10,1
61142,D10,8,3
61142,D6,6,5
61142,D8,10,1
32467,D5,9,2
32467,D7,8,3
32467,D2,8,3
32467,D9,5,6
32467,D3,9,2
32467,D1,8,3
32467,D4,10,1
32467,D10,10,1
32467,D6,9,2
32467,D8,8,3
32573,D5,10,1
32573,D7,8,3
32573,D2,10,1
32573,D9,9,2
32573,D3,10,1
32573,D1,6,5
32573,D4,10,1
32573,D10,7,4
32573,D6,8,3
32573,D8,10,1
56798,D5,10,1
56798,D7,10,1
56798,D2,9,2
56798,D9,10,1
56798,D3,10,1
56798,D1,10,1
56798,D4,10,1
56798,D10,10,1
56798,D6,10,1
56798,D8,10,1
59662,D5,10,1
59662,D7,9,2
59662,D2,8,3
59662,D9,7,4
59662,D3,8,3
59662,D1,10,1
59662,D4,8,3
59662,D10,10,1
59662,D6,8,3
59662,D8,9,2
68525,D5,8,3
68525,D7,6,5
68525,D2,8,3
68525,D9,3,8
68525,D3,9,2
68525,D1,8,3
68525,D4,9,2
68525,D10,10,1
68525,D6,10,1
68525,D8,6,5
76237,D5,4,7
76237,D7,7,4
76237,D2,9,2
76237,D9,6,5
76237,D3,7,4
76237,D1,3,8
76237,D4,6,5
76237,D10,3,8
76237,D6,2,9
76237,D8,8,3
76936,D5,8,3
76936,D7,6,5
76936,D2,8,3
76936,D9,7,4
76936,D3,7,4
76936,D1,8,3
76936,D4,6,5
76936,D10,5,6
76936,D6,6,5
76936,D8,7,4
73086,D5,9,2
73086,D7,8,3
73086,D2,9,2
73086,D9,8,3
73086,D3,9,2
73086,D1,10,1
73086,D4,10,1
73086,D10,10,1
73086,D6,10,1
73086,D8,10,1
86937,D5,6,5
86937,D7,4,7
86937,D2,5,6
86937,D9,8,3
86937,D3,10,1
86937,D1,7,4
86937,D4,10,1
86937,D10,6,5
86937,D6,2,9
86937,D8,10,1
44231,D5,10,1
44231,D7,6,5
44231,D2,7,4
44231,D9,8,3
44231,D3,8,3
44231,D1,6,5
44231,D4,6,5
44231,D10,9,2
44231,D6,7,4
44231,D8,10,1
92076,D5,8,3
92076,D7,8,3
92076,D2,8,3
92076,D9,7,4
92076,D3,7,4
92076,D1,10,1
92076,D4,10,1
92076,D10,8,3
92076,D6,7,4
92076,D8,7,4
71467,D5,5,6
71467,D7,5,6
71467,D2,2,9
71467,D9,1,10
71467,D3,9,2
71467,D1,10,1
71467,D4,10,1
71467,D10,10,1
71467,D6,10,1
71467,D8,5,6
26323,D1,6,5
26323,D2,4,7
26323,D3,4,7
26323,D4,2,9
26323,D5,8,3
26323,D6,6,5
26323,D7,2,9
26323,D8,4,7
26323,D9,6,5
26323,D10,2,9
42775,D1,4,7
42775,D2,8,3
42775,D3,8,3
42775,D4,8,3
42775,D5,10,1
42775,D6,8,3
42775,D7,10,1
42775,D8,10,1
42775,D9,8,3
42775,D10,6,5
41651,D1,10,1
41651,D2,10,1
41651,D3,10,1
41651,D4,10,1
41651,D5,10,1
41651,D6,10,1
41651,D7,10,1
41651,D8,10,1
41651,D9,10,1
41651,D10,10,1
32327,D1,4,7
32327,D2,8,3
32327,D3,4,7
32327,D4,4,7
32327,D5,6,5
32327,D6,10,1
32327,D7,6,5
32327,D8,10,1
32327,D9,8,3
32327,D10,4,7
12627,D1,10,1
12627,D2,8,3
12627,D3,10,1
12627,D4,8,3
12627,D5,8,3
12627,D6,10,1
12627,D7,8,3
12627,D8,8,3
12627,D9,10,1
12627,D10,8,3
88865,D1,10,1
88865,D2,10,1
88865,D3,10,1
88865,D4,10,1
88865,D5,4,7
88865,D6,10,1
88865,D7,10,1
88865,D8,10,1
88865,D9,10,1
88865,D10,10,1
09842,D1,6,5
09842,D2,10,1
09842,D3,2,9
09842,D4,2,9
09842,D5,6,5
09842,D6,8,3
09842,D7,8,3
09842,D8,8,3
09842,D9,4,7
09842,D10,2,9
28944,D1,6,5
28944,D2,6,5
28944,D3,6,5
28944,D4,6,5
28944,D5,6,5
28944,D6,6,5
28944,D7,6,5
28944,D8,6,5
28944,D9,6,5
28944,D10,6,5
25670,D1,2,9
25670,D2,6,5
25670,D3,6,5
25670,D4,6,5
25670,D5,8,3
25670,D6,4,7
25670,D7,8,3
25670,D8,8,3
25670,D9,8,3
25670,D10,4,7
07120,D1,10,1
07120,D2,10,1
07120,D3,4,7
07120,D4,8,3
07120,D5,4,7
07120,D6,10,1
07120,D7,10,1
07120,D8,8,3
07120,D9,6,5
07120,D10,8,3
62406,D1,4,7
62406,D2,6,5
62406,D3,6,5
62406,D4,6,5
62406,D5,6,5
62406,D6,8,3
62406,D7,8,3
62406,D8,10,1
62406,D9,10,1
62406,D10,6,5
77188,D1,8,3
77188,D2,6,5
77188,D3,8,3
77188,D4,6,5
77188,D5,6,5
77188,D6,10,1
77188,D7,8,3
77188,D8,8,3
77188,D9,8,3
77188,D10,6,5
33717,D1,10,1
33717,D2,8,3
33717,D3,6,5
33717,D4,6,5
33717,D5,6,5
33717,D6,6,5
33717,D7,8,3
33717,D8,8,3
33717,D9,8,3
33717,D10,6,5
66401,D1,10,1
66401,D2,8,3
66401,D3,8,3
66401,D4,6,5
66401,D5,8,3
66401,D6,10,1
66401,D7,8,3
66401,D8,8,3
66401,D9,10,1
66401,D10,8,3
45987,D1,10,1
45987,D2,8,3
45987,D3,8,3
45987,D4,8,3
45987,D5,6,5
45987,D6,2,9
45987,D7,4,7
45987,D8,4,7
45987,D9,6,5
45987,D10,8,3
62091,D1,6,5
62091,D2,6,5
62091,D3,4,7
62091,D4,4,7
62091,D5,4,7
62091,D6,6,5
62091,D7,8,3
62091,D8,6,5
62091,D9,4,7
62091,D10,6,5
01505,D1,6,5
01505,D2,10,1
01505,D3,8,3
01505,D4,6,5
01505,D5,4,7
01505,D6,10,1
01505,D7,4,7
01505,D8,10,1
01505,D9,6,5
01505,D10,4,7
72079,D1,6,5
72079,D2,8,3
72079,D3,6,5
72079,D4,6,5
72079,D5,8,3
72079,D6,8,3
72079,D7,10,1
72079,D8,8,3
72079,D9,8,3
72079,D10,6,5
30377,D1,10,1
30377,D2,8,3
30377,D3,8,3
30377,D4,10,1
30377,D5,10,1
30377,D6,6,5
30377,D7,2,9
30377,D8,4,7
30377,D9,2,9
30377,D10,6,5
94111,D1,6,5
94111,D2,8,3
94111,D3,4,7
94111,D4,6,5
94111,D5,6,5
94111,D6,4,7
94111,D7,4,7
94111,D8,6,5
94111,D9,4,7
94111,D10,8,3
26168,D1,10,1
26168,D2,4,7
26168,D3,6,5
26168,D4,10,1
26168,D5,6,5
26168,D6,2,9
26168,D7,4,7
26168,D8,4,7
26168,D9,4,7
26168,D10,10,1
08942,D1,8,3
08942,D2,10,1
08942,D3,4,7
08942,D4,4,7
08942,D5,4,7
08942,D6,10,1
08942,D7,10,1
08942,D8,6,5
08942,D9,8,3
08942,D10,4,7
66904,D1,8,3
66904,D2,4,7
66904,D3,8,3
66904,D4,4,7
66904,D5,8,3
66904,D6,8,3
66904,D7,2,9
66904,D8,10,1
66904,D9,10,1
66904,D10,10,1
99855,D1,2,9
99855,D2,2,9
99855,D3,2,9
99855,D4,2,9
99855,D5,2,9
99855,D6,2,9
99855,D7,2,9
99855,D8,8,3
99855,D9,6,5
99855,D10,2,9
80934,D1,6,5
80934,D2,8,3
80934,D3,6,5
80934,D4,6,5
80934,D5,4,7
80934,D6,10,1
80934,D7,6,5
80934,D8,6,5
80934,D9,6,5
80934,D10,6,5
09488,D1,8,3
09488,D2,4,7
09488,D3,8,3
09488,D4,6,5
09488,D5,10,1
09488,D6,8,3
09488,D7,6,5
09488,D8,10,1
09488,D9,10,1
09488,D10,8,3
86840,D1,8,3
86840,D2,10,1
86840,D3,8,3
86840,D4,8,3
86840,D5,6,5
86840,D6,10,1
86840,D7,8,3
86840,D8,6,5
86840,D9,6,5
86840,D10,8,3
